epoch,train_loss,train_acc,val_loss,val_acc,lr,epoch_time_s
1,0.8971,0.6324,0.6549,0.7652,0.000997,187.1
2,0.7176,0.7094,0.7066,0.7402,0.000989,176.2
3,0.6350,0.7529,0.5178,0.8080,0.000976,174.3
4,0.5939,0.7688,1.4812,0.5402,0.000957,187.3
5,0.5448,0.7935,0.9085,0.6232,0.000933,178.2
6,0.5001,0.8096,0.6614,0.7170,0.000905,174.1
7,0.4702,0.8252,1.4506,0.5027,0.000872,173.2
8,0.4692,0.8275,0.4569,0.8107,0.000835,174.1
9,0.4229,0.8393,0.7031,0.7125,0.000794,181.9
10,0.4448,0.8342,0.5458,0.7839,0.000750,183.5
11,0.4123,0.8480,0.9489,0.6214,0.000703,195.1
12,0.3930,0.8547,0.4872,0.8045,0.000655,195.2
13,0.3778,0.8621,0.3013,0.8804,0.000604,195.3
14,0.3869,0.8507,0.3979,0.8554,0.000552,189.4
15,0.3696,0.8632,0.4286,0.8304,0.000500,182.5
16,0.3416,0.8761,0.3781,0.8509,0.000448,183.7
17,0.3434,0.8683,0.6044,0.7688,0.000396,181.6
18,0.3188,0.8821,0.3225,0.8616,0.000345,175.4
19,0.3167,0.8801,0.3798,0.8562,0.000297,182.4
20,0.3127,0.8826,0.2811,0.8920,0.000250,177.1
21,0.2867,0.8917,0.3305,0.8661,0.000206,177.7
22,0.2853,0.8969,0.2620,0.9027,0.000165,174.0
23,0.2650,0.9009,0.2784,0.8839,0.000128,173.9
24,0.2561,0.9062,0.2683,0.8946,0.000095,174.1
25,0.2542,0.9062,0.2428,0.9018,0.000067,175.8
26,0.2445,0.9089,0.2254,0.9089,0.000043,175.3
27,0.2409,0.9078,0.2170,0.9125,0.000024,178.4
28,0.2290,0.9150,0.2182,0.9045,0.000011,179.7
29,0.2315,0.9141,0.2201,0.9116,0.000003,183.4
30,0.2263,0.9134,0.2211,0.9071,0.000000,186.0
